{"cameraMode":{"drawMode":0,"name":"Shaded","section":"Shading Mode"},"sceneLighting":false,"audioPlay":false,"sceneViewState":{"m_AlwaysRefresh":false,"showFog":true,"showSkybox":false,"showFlares":true,"showImageEffects":true,"showParticleSystems":true,"showVisualEffectGraphs":true,"m_FxEnabled":true},"in2DMode":false,"pivot":{"x":-0.1100001335144043,"y":1.6314401626586915,"z":-10.560001373291016},"rotation":{"x":-0.007930058054625988,"y":0.9916163086891174,"z":-0.047696977853775027,"w":-0.12312795966863632},"size":0.3635011315345764,"orthographic":false}