{"cameraMode":{"drawMode":0,"name":"Shaded","section":"Shading Mode"},"sceneLighting":false,"audioPlay":false,"sceneViewState":{"m_AlwaysRefresh":false,"showFog":true,"showSkybox":false,"showFlares":true,"showImageEffects":true,"showParticleSystems":true,"showVisualEffectGraphs":true,"m_FxEnabled":true},"in2DMode":false,"pivot":{"x":0.03258633613586426,"y":-0.4228009581565857,"z":0.004061281681060791},"rotation":{"x":-0.13488054275512696,"y":-0.020898345857858659,"z":0.004741192329674959,"w":-0.9910294413566589},"size":1.0646823644638062,"orthographic":false}