{"cameraMode":{"drawMode":0,"name":"Shaded","section":"Shading Mode"},"sceneLighting":false,"audioPlay":false,"sceneViewState":{"m_AlwaysRefresh":false,"showFog":true,"showSkybox":false,"showFlares":true,"showImageEffects":true,"showParticleSystems":true,"showVisualEffectGraphs":true,"m_FxEnabled":true},"in2DMode":false,"pivot":{"x":-0.48574498295783999,"y":-0.2638258934020996,"z":-0.160347580909729},"rotation":{"x":-0.0016970589058473707,"y":0.9933475255966187,"z":-0.11858392506837845,"w":0.002580746542662382},"size":1.6559940576553345,"orthographic":false}