{"cameraMode":{"drawMode":0,"name":"Shaded","section":"Shading Mode"},"sceneLighting":false,"audioPlay":false,"sceneViewState":{"m_AlwaysRefresh":false,"showFog":true,"showSkybox":false,"showFlares":true,"showImageEffects":true,"showParticleSystems":true,"showVisualEffectGraphs":true,"m_FxEnabled":true},"in2DMode":false,"pivot":{"x":0.0847775936126709,"y":-0.006596878170967102,"z":0.010997533798217774},"rotation":{"x":-0.20015379786491395,"y":-0.24677641689777375,"z":0.05430871620774269,"w":-0.9470588564872742},"size":2.4275145530700685,"orthographic":false}