{"cameraMode":{"drawMode":0,"name":"Shaded","section":"Shading Mode"},"sceneLighting":true,"audioPlay":false,"sceneViewState":{"m_AlwaysRefresh":false,"showFog":true,"showSkybox":true,"showFlares":true,"showImageEffects":true,"showParticleSystems":true,"showVisualEffectGraphs":true,"m_FxEnabled":true},"in2DMode":false,"pivot":{"x":1.0569506883621216,"y":-0.5184985399246216,"z":3.8647141456604006},"rotation":{"x":-0.13047830760478974,"y":-0.004382502753287554,"z":0.0015294543700292707,"w":-0.9918021559715271},"size":8.60787296295166,"orthographic":false}