{"cameraMode":{"drawMode":0,"name":"Shaded","section":"Shading Mode"},"sceneLighting":true,"audioPlay":false,"sceneViewState":{"m_AlwaysRefresh":false,"showFog":true,"showSkybox":true,"showFlares":true,"showImageEffects":true,"showParticleSystems":true,"showVisualEffectGraphs":true,"m_FxEnabled":true},"in2DMode":false,"pivot":{"x":0.04219769313931465,"y":0.7347960472106934,"z":-9.55885124206543},"rotation":{"x":0.32790517807006838,"y":0.1829180121421814,"z":-0.06486047804355622,"w":0.9245882630348206},"size":0.15778133273124696,"orthographic":false}