{"cameraMode":{"drawMode":0,"name":"Shaded","section":"Shading Mode"},"sceneLighting":true,"audioPlay":false,"sceneViewState":{"m_AlwaysRefresh":false,"showFog":true,"showSkybox":true,"showFlares":true,"showImageEffects":true,"showParticleSystems":true,"showVisualEffectGraphs":true,"m_FxEnabled":true},"in2DMode":false,"pivot":{"x":0.40804997086524966,"y":0.9895015358924866,"z":-9.397883415222168},"rotation":{"x":0.03870111703872681,"y":0.943281888961792,"z":-0.30769068002700808,"w":0.11863906681537628},"size":2.860769271850586,"orthographic":false}