{"cameraMode":{"drawMode":0,"name":"Shaded","section":"Shading Mode"},"sceneLighting":true,"audioPlay":false,"sceneViewState":{"m_AlwaysRefresh":false,"showFog":true,"showSkybox":true,"showFlares":true,"showImageEffects":true,"showParticleSystems":true,"showVisualEffectGraphs":true,"m_FxEnabled":true},"in2DMode":false,"pivot":{"x":-0.11555910110473633,"y":1.5206537246704102,"z":-11.194023132324219},"rotation":{"x":0.23971045017242433,"y":-0.5265976190567017,"z":0.155814066529274,"w":0.8011517524719238},"size":1.9604742527008057,"orthographic":false}